timeStamp,elapsed,label,responseCode,responseMessage,threadName,dataType,success,failureMessage,bytes,sentBytes,grpThreads,allThreads,URL,Latency,IdleTime,Connect
1663329214473,1993,POST Sign In JSON,200,OK,Peak Testing 1-3,text,true,,837,287,3,3,https://qauto2.forstudy.space/api/auth/signin,1988,0,950
1663329215392,1075,POST Sign In JSON,200,OK,Peak Testing 1-2,text,true,,841,287,3,3,https://qauto2.forstudy.space/api/auth/signin,1070,0,127
1663329216520,547,GET cars,200,OK,Peak Testing 1-3,text,true,,322,348,3,3,https://qauto2.forstudy.space/api/cars?user=7593,547,0,0
1663329216520,549,GET cars,200,OK,Peak Testing 1-2,text,true,,322,352,3,3,https://qauto2.forstudy.space/api/cars?user=7593,549,0,0
1663329216390,683,POST Sign In JSON,200,OK,Peak Testing 1-1,text,true,,839,287,3,3,https://qauto2.forstudy.space/api/auth/signin,683,0,130
1663329217074,61,GET cars,200,OK,Peak Testing 1-1,text,true,,322,350,3,3,https://qauto2.forstudy.space/api/cars?user=7593,61,0,0
1663329217370,71,Add car,201,Created,Peak Testing 1-2,text,true,,537,431,3,3,https://qauto2.forstudy.space/api/cars,71,0,0
1663329217370,77,Add car,201,Created,Peak Testing 1-3,text,true,,537,427,3,3,https://qauto2.forstudy.space/api/cars,77,0,0
1663329217442,63,Remove Car,200,OK,Peak Testing 1-2,text,true,,335,370,3,3,https://qauto2.forstudy.space/api/cars/33102,63,0,0
1663329217436,72,Add car,201,Created,Peak Testing 1-1,text,true,,537,429,3,3,https://qauto2.forstudy.space/api/cars,72,0,0
1663329217447,66,Remove Car,200,OK,Peak Testing 1-3,text,true,,335,366,3,3,https://qauto2.forstudy.space/api/cars/33103,66,0,0
1663329217509,57,Remove Car,200,OK,Peak Testing 1-1,text,true,,335,368,3,3,https://qauto2.forstudy.space/api/cars/33104,57,0,0
1663329217515,1617,POST Sign In JSON,200,OK,Peak Testing 1-3,text,true,,668,459,3,3,https://qauto2.forstudy.space/api/auth/signin,1617,0,124
1663329217508,1633,POST Sign In JSON,200,OK,Peak Testing 1-2,text,true,,668,463,2,2,https://qauto2.forstudy.space/api/auth/signin,1633,0,131
1663329217567,1575,POST Sign In JSON,200,OK,Peak Testing 1-1,text,true,,668,461,2,2,https://qauto2.forstudy.space/api/auth/signin,1575,0,125
1663329219443,64,Add car,201,Created,Peak Testing 1-1,text,true,,537,429,1,1,https://qauto2.forstudy.space/api/cars,63,0,0
1663329219507,56,Remove Car,200,OK,Peak Testing 1-1,text,true,,335,368,1,1,https://qauto2.forstudy.space/api/cars/33105,56,0,0
1663329219564,667,POST Sign In JSON,200,OK,Peak Testing 1-1,text,true,,668,461,1,1,https://qauto2.forstudy.space/api/auth/signin,667,0,127
1663329222057,1066,POST Sign In JSON,200,OK,Peak Testing 1-6,text,true,,837,287,1,1,https://qauto2.forstudy.space/api/auth/signin,1066,0,134
1663329223124,70,GET cars,200,OK,Peak Testing 1-6,text,true,,322,348,1,1,https://qauto2.forstudy.space/api/cars?user=7593,70,0,0
1663329223496,71,Add car,201,Created,Peak Testing 1-6,text,true,,537,427,1,1,https://qauto2.forstudy.space/api/cars,71,0,0
1663329223568,57,Remove Car,200,OK,Peak Testing 1-6,text,true,,335,366,1,1,https://qauto2.forstudy.space/api/cars/33106,57,0,0
1663329223627,1158,POST Sign In JSON,200,OK,Peak Testing 1-6,text,true,,668,459,2,2,https://qauto2.forstudy.space/api/auth/signin,1158,0,122
1663329223725,1072,POST Sign In JSON,200,OK,Peak Testing 1-5,text,true,,837,287,2,2,https://qauto2.forstudy.space/api/auth/signin,1072,0,123
1663329224798,56,GET cars,200,OK,Peak Testing 1-5,text,true,,322,348,2,2,https://qauto2.forstudy.space/api/cars?user=7593,56,0,0
1663329225086,67,Add car,201,Created,Peak Testing 1-6,text,true,,537,427,2,2,https://qauto2.forstudy.space/api/cars,67,0,0
1663329225154,66,Remove Car,200,OK,Peak Testing 1-6,text,true,,335,366,2,2,https://qauto2.forstudy.space/api/cars/33107,66,0,0
1663329225155,76,Add car,201,Created,Peak Testing 1-5,text,true,,537,427,2,2,https://qauto2.forstudy.space/api/cars,76,0,0
1663329225232,56,Remove Car,200,OK,Peak Testing 1-5,text,true,,335,366,2,2,https://qauto2.forstudy.space/api/cars/33108,56,0,0
1663329225221,1610,POST Sign In JSON,200,OK,Peak Testing 1-6,text,true,,668,459,3,3,https://qauto2.forstudy.space/api/auth/signin,1610,0,125
1663329225289,1550,POST Sign In JSON,200,OK,Peak Testing 1-5,text,true,,668,459,3,3,https://qauto2.forstudy.space/api/auth/signin,1550,0,119
1663329225390,1450,POST Sign In JSON,200,OK,Peak Testing 1-4,text,true,,841,287,3,3,https://qauto2.forstudy.space/api/auth/signin,1450,0,119
1663329226841,55,GET cars,200,OK,Peak Testing 1-4,text,true,,322,352,3,3,https://qauto2.forstudy.space/api/cars?user=7593,55,0,0
1663329227132,69,Add car,201,Created,Peak Testing 1-6,text,true,,537,427,3,3,https://qauto2.forstudy.space/api/cars,69,0,0
1663329227140,65,Add car,201,Created,Peak Testing 1-5,text,true,,537,427,3,3,https://qauto2.forstudy.space/api/cars,65,0,0
1663329227197,82,Add car,201,Created,Peak Testing 1-4,text,true,,537,431,3,3,https://qauto2.forstudy.space/api/cars,82,0,0
1663329227202,79,Remove Car,200,OK,Peak Testing 1-6,text,true,,335,366,3,3,https://qauto2.forstudy.space/api/cars/33109,79,0,0
1663329227206,76,Remove Car,200,OK,Peak Testing 1-5,text,true,,335,366,3,3,https://qauto2.forstudy.space/api/cars/33110,76,0,0
1663329227280,54,Remove Car,200,OK,Peak Testing 1-4,text,true,,335,370,3,3,https://qauto2.forstudy.space/api/cars/33111,54,0,0
1663329227282,1631,POST Sign In JSON,200,OK,Peak Testing 1-6,text,true,,668,459,3,3,https://qauto2.forstudy.space/api/auth/signin,1631,0,131
1663329227335,1587,POST Sign In JSON,200,OK,Peak Testing 1-4,text,true,,668,463,2,2,https://qauto2.forstudy.space/api/auth/signin,1587,0,120
1663329227283,1639,POST Sign In JSON,200,OK,Peak Testing 1-5,text,true,,668,459,2,2,https://qauto2.forstudy.space/api/auth/signin,1639,0,135
1663329229223,65,Add car,201,Created,Peak Testing 1-4,text,true,,537,431,1,1,https://qauto2.forstudy.space/api/cars,65,0,0
1663329229289,55,Remove Car,200,OK,Peak Testing 1-4,text,true,,335,370,1,1,https://qauto2.forstudy.space/api/cars/33112,55,0,0
1663329229345,828,POST Sign In JSON,200,OK,Peak Testing 1-4,text,true,,668,463,1,1,https://qauto2.forstudy.space/api/auth/signin,828,0,124
